ecc,scan_type,category,event,pl,det_dev,source_dir
6,UTS,IMG,8742,43,0.027317029491642497,K:\NINJA\E71a\ManualCheck\ScanData\UTS\ECC6\IMG\Event08742\PL043
6,UTS,IMG,7982,54,0.09625098758292738,K:\NINJA\E71a\ManualCheck\ScanData\UTS\ECC6\IMG\Event07982\PL054
6,UTS,IMG,3615,78,0.06708253618224824,K:\NINJA\E71a\ManualCheck\ScanData\UTS\ECC6\IMG\Event03615\PL078
6,UTS,IMG,3638,78,0.06708253618224824,K:\NINJA\E71a\ManualCheck\ScanData\UTS\ECC6\IMG\Event03638\PL078
6,UTS,IMG,3615,80,0.093437477043125,K:\NINJA\E71a\ManualCheck\ScanData\UTS\ECC6\IMG\Event03615\PL080
6,UTS,IMG,3638,80,0.093437477043125,K:\NINJA\E71a\ManualCheck\ScanData\UTS\ECC6\IMG\Event03638\PL080
6,UTS,Ref/IMG,5228,43,0.027317029491642497,K:\NINJA\E71a\ManualCheck\ScanData\UTS\ECC6\Ref\IMG\Event05228\PL043
6,UTS,Ref/IMG,8742,43,0.027317029491642497,K:\NINJA\E71a\ManualCheck\ScanData\UTS\ECC6\Ref\IMG\Event08742\PL043
6,UTS,Ref/IMG,7982,54,0.09625098758292738,K:\NINJA\E71a\ManualCheck\ScanData\UTS\ECC6\Ref\IMG\Event07982\PL054
6,UTS,Ref/IMG,3615,78,0.06708253618224824,K:\NINJA\E71a\ManualCheck\ScanData\UTS\ECC6\Ref\IMG\Event03615\PL078
6,UTS,Ref/IMG,3638,78,0.06708253618224824,K:\NINJA\E71a\ManualCheck\ScanData\UTS\ECC6\Ref\IMG\Event03638\PL078
6,UTS,Ref/IMG,3615,80,0.093437477043125,K:\NINJA\E71a\ManualCheck\ScanData\UTS\ECC6\Ref\IMG\Event03615\PL080
6,UTS,Ref/IMG,3638,80,0.093437477043125,K:\NINJA\E71a\ManualCheck\ScanData\UTS\ECC6\Ref\IMG\Event03638\PL080
6,UTS,Ref/IMG,2346,112,0.026949339249416004,K:\NINJA\E71a\ManualCheck\ScanData\UTS\ECC6\Ref\IMG\Event02346\PL112
6,UTS,Ref/IMG,7506,125,0.06310615331528246,K:\NINJA\E71a\ManualCheck\ScanData\UTS\ECC6\Ref\IMG\Event07506\PL125
